{"epoch": 2, "train_loss": 0.5999233908151864, "eval_loss": 0.9691565517703863, "eval_top1": 55.257510729613735, "eval_top5": 100.0, "_timestamp": 1650737344, "_runtime": 110, "_step": 2}