{"epoch": 24, "train_loss": 0.5475420979975247, "eval_loss": 0.3270611607194365, "eval_top1": 87.66845113843355, "eval_top5": 100.0, "_timestamp": 1650889448, "_runtime": 2043, "_step": 24}