{"epoch": 201, "train_loss": 0.33096513395145727, "eval_loss": 0.29314635444608367, "eval_top1": 91.7381974248927, "eval_top5": 100.0, "_timestamp": 1649647180, "_runtime": 9220, "_step": 201}