{"epoch": 81, "train_loss": 0.3165272807890471, "eval_loss": 0.26434323355041134, "eval_top1": 90.43751154479361, "eval_top5": 100.0, "_timestamp": 1650869104, "_runtime": 9234, "_step": 81}