{"epoch": 209, "train_loss": 0.3160345600398313, "eval_loss": 0.21226062692797748, "eval_top1": 94.63519313304721, "eval_top5": 100.0, "_timestamp": 1649612961, "_runtime": 9465, "_step": 209, "_wandb": {"runtime": 9475}}