{"epoch": 209, "train_loss": 0.7446352194818816, "eval_loss": 0.48495548886802575, "eval_top1": 91.20171673819742, "eval_top5": 100.0, "_timestamp": 1649465221, "_runtime": 8162, "_step": 209, "_wandb": {"runtime": 8164}}