{"epoch": 0, "train_loss": 1.067899798119017, "eval_loss": 1.0027159334763949, "eval_top1": 50.0, "eval_top5": 100.0, "_timestamp": 1650743204, "_runtime": 55, "_step": 0}